ALEACION,Al,Mg,Zn,Mn,Cu,Fe,Si,Ni
1030,99.30 min,0.05 max,0.10 max,0.05 max,0.10 max,0.60 max,0.35 max,
1035,99.35 min,0.05 max,0.10 max,0.05 max,0.10 max,0.60 max,0.35 max,
1040,99.40 min,0.05 max,0.10 max,0.05 max,0.10 max,0.05 max,0.30 max,
1045,99.45 min,0.05 max,0.05 max,0.05 max,0.10 max,0.45 max,0.30 max,
1050,99.50 min,0.05 max,0.05 max,0.05 max,0.05 max,0.40 max,0.25 max,
1055,99.55 min,0.05 max,0.05 max,0.05 max,0.05 max,0.40 max,0.25 max,
1060,99.60 min,0.03 max,0.05 max,0.03 max,0.05 max,0.35 max,0.25 max,
1065,99.65 min,0.03 max,0.05 max,0.03 max,0.05 max,0.30 max,0.25 max,
1070,99.70 min,0.03 max,0.04 max,0.03 max,0.04 max,0.25 max,0.20 max,
1075,99.75 min,0.03 max,0.04 max,0.03 max,0.04 max,0.20 max,0.20 max,
1080,99.80 min,0.02 max,0.03 max,0.02 max,0.03 max,0.15 max,0.15 max,
1085,99.85 min,0.02 max,0.03 max,0.02 max,0.03 max,0.12 max,0.10 max,
1090,99.90 min,0.01 max,0.03 max,0.01 max,0.02 max,0.07 max,0.07 max,
1095,99.95 min,0.01 max,0.01 max,0.01 max,0.01 max,0.04 max,0.03 max,
1098,99.98 min,,0.015 max,,0.003 max,0.006 max,0.01 max,
1100,99.00 min,,0.10 max,0.05 max,0.05 - 0.20,,,
1110,99.10 min,0.25 max,,0.01 max,0.04 max,0.80 max,0.30 max,
1120,99.20 min,0.20 max,0.05 max,0.01 max,0.05 - 0.35,0.40 max,0.10 max,
1135,99.35 min,0.05 max,0.10 max,0.04 max,0.05 - 0.20,,,
1145,99.45 min,0.05 max,0.05 max,0.05 max,0.05 max,,,
1150,99.50 min,0.05 max,0.05 max,0.05 max,0.05 - 0.20,,,
1170,99.70 min,0.02 max,0.04 max,0.03 max,0.03 max,,,
1175,99.75 min,0.02 max,0.03 max,0.02 max,0.10 max,,,
1180,99.80 min,0.02 max,0.03 max,0.02 max,0.01 max,0.09 max,0.09 max,
1185,99.85 min,0.02 max,0.03 max,0.02 max,0.01 max,,,
1188,99.88 min,0.01 max,0.03 max,0.01 max,0.005 max,0.06 max,0.06 max,
1190,99.90 min,0.05 max,0.02 max,0.01 max,0.01 max,0.07 max,0.05 max,
1193,99.93 min,,0.03 max,,0.006 max,0.04 max,0.04 max,
1198,99.98 min,,0.01 max,0.006 max,0.006 max,0.006 max,0.01 max,
1199,99.99 min,0.006 max,0.006 max,0.002 max,0.006 max,0.006 max,0.006 max,
1200,99.00 min,,0.10 max,0.05 max,0.05 max,,,
1230,99.30 min,0.05 max,0.10 max,0.05 max,0.10 max,,,
1235,99.35 min,0.05 max,0.01 max,0.05 max,0.05 max,,,
1250,99.50 min,0.01 max,0.05 max,0.01 max,0.10 max,0.40 max,0.20 max,
1260,99.60 min,0.03 max,0.05 max,0.01 max,0.04 max,,,
1275,99.75 min,0.02 max,0.03 max,0.02 max,0.05 - 0.10,0.12 max,0.08 max,
1285,99.85 min,,0.03 max,,0.02 max,0.08 max,0.08 max,
1345,99.45 min,0.05 max,0.05 max,0.05 max,0.10 max,0.40 max,0.30 max,
1350,99.50 min,,0.05 max,0.01 max,0.05 max,0.40 max,0.10 max,
1370,99.70 min,0.02 max,0.04 max,0.01 max,0.02 max,0.25 max,0.10 max,
1385,99.85 min,0.02 max,0.03 max,0.01 max,0.02 max,0.12 max,0.05 max,
1435,99.35 min,0.05 max,0.10 max,0.05 max,0.02 max,0.30 - 0.50,0.15 max,
1445,99.45 min,,,,0.04 max,,,
1450,99.50 min,0.05 max,0.07 max,0.05 max,0.05 max,0.40 max,0.25 max,
2001,resto,0.20 - 0.45,0.10 max,0.15 - 0.50,5.20 - 6.00,0.20 max,0.20 max,
2002,resto,0.50 - 1.00,0.20 max,0.20 max,1.50 - 2.50,0.30 max,0.35 - 0.80,
2003,resto,0.02 max,0.10 max,0.30 - 0.80,4.00 - 5.00,0.30 max,0.30 max,
2004,resto,0.05 max,0.10 max,0.10 max,5.50 - 6.50,0.20 - 0.50,0.20 max,
2005,resto,0.20 - 1.00,0.05 max,1.00 max,3.50 - 5.00,0.70 max,0.80 max,
2006,resto,0.50 - 1.40,0.20 max,0.60 - 1.00,1.00 - 2.00,0.70 max,0.80 - 1.30,
2007,resto,0.40 - 1.80,0.80 max,0.50 - 1.00,3.30 - 4.60,0.80 max,0.80 max,
2008,resto,0.25 - 0.50,0.25 max,0.30 max,0.70 - 1.10,0.40 max,0.50 - 0.80,
2009,resto,1.00 - 1.60,0.10 max,,3.20 - 4.40,0.05 max,0.25 max,
2010,resto,0.40 - 1.00,0.30 max,0.10 - 0.40,0.70 - 1.30,0.50 max,0.50 max,
2011,resto,,0.30 max,,5.00 - 6.00,0.70 max,0.40 max,
2012,resto,,0.30 max,,4.00 - 5.50,0.70 max,0.40 max,
2014,resto,0.20 - 0.80,0.25 max,0.40 - 1.20,3.90 - 5.00,0.70 max,0.50 - 1.20,
2017,resto,0.40 - 0.80,0.25 max,0.40 - 1.00,3.50 - 4.50,0.70 max,0.20 - 0.80,
2018,resto,0.45 - 0.90,0.25 max,0.20 max,3.50 - 4.50,1.00 max,0.90 max,
2020,resto,0.03 max,0.25 max,0.30 - 0.80,4.00 - 5.00,0.40 max,0.40 max,
2021,resto,0.02 max,0.10 max,0.20 - 0.40,5.80 - 6.80,0.30 max,0.20 max,
2024,resto,1.20 - 1.80,0.25 max,0.30 - 0.90,3.80 - 4.90,0.05 max,0.05 max,
2025,resto,0.05 max,0.25 max,0.40 - 1.20,3.90 - 5.00,1.00 max,0.50 - 1.20,
2030,resto,0.50 - 1.30,,0.20 - 1.00,3.30 - 4.50,0.70 max,0.80 max,
2031,resto,0.60 - 1.20,0.20 max,0.50 max,1.80 - 2.80,0.60 - 1.20,0.50 - 1.30,
2034,resto,1.30 - 1.90,0.2,0.80 - 1.30,4.20 - 4.80,0.12,0.1,
2036,resto,0.30 - 0.60,0.25 max,0.10 - 0.40,2.20 - 3.00,0.50 max,0.50 max,
2037,resto,0.30 - 0.80,0.25 max,0.10 - 0.40,1.40 - 2.20,0.50 max,0.50 max,
2038,resto,0.40 - 1.00,0.5,0.10 - 0.40,0.80 - 1.80,0.6,0.50 - 1.30,
2048,resto,1.20 - 1.80,0.25 max,0.20 - 0.60,2.80 - 3.80,0.20 max,0.15 max,
2080,resto,1.50 - 2.20,0.10 max,0.25 max,3.30 - 4.10,0.20 max,0.10 max,
2090,resto,0.25 max,0.10 max,0.05 max,2.40 - 3.00,0.12 max,0.10 max,
2091,resto,1.10 - 1.90,0.25 max,0.10 max,1.80 - 2.50,0.30 max,0.20 max,
2094,resto,0.25 - 0.80,0.25 max,0.25 max,4.40 - 5.20,0.15 max,0.12 max,
2095,resto,0.25 - 0.80,0.25 max,0.25 max,3.90 - 4.60,0.15 max,0.12 max,
2096,resto,0.25 - 0.80,0.25 max,0.25 max,2.30 - 3.00,0.15 max,0.12 max,
2097,resto,0.35 max,0.35 max,0.10 - 0.60,2.50 - 3.10,0.15 max,0.12 max,
2111,resto,,0.30 max,,5.00 - 6.00,0.70 max,0.40 max,
2117,resto,0.20 - 0.50,0.25 max,0.20 max,2.20 - 3.00,0.70 max,0.80 max,
2124,resto,1.20 - 1.80,0.25 max,0.30 - 0.90,3.80 - 4.90,0.30 max,0.20 max,
2195,resto,0.25 - 0.80,0.25 max,0.25 max,3.70 - 4.30,0.15 max,0.12 max,
2197,resto,0.25 max,0.05 max,0.10 - 0.50,2.50 - 3.10,0.10 max,0.10 max,
2214,resto,0.20 - 0.80,0.25 max,0.40 - 1.20,3.90 - 5.00,0.30 max,0.50 - 1.20,
2218,resto,1.20 - 1.80,0.25 max,0.20 max,3.50 - 4.50,1.00 max,0.90 max,
2219,resto,0.02 max,0.10 max,0.20 - 0.40,5.80 - 6.80,0.30 max,0.20 max,
2224,resto,1.20 - 1.80,0.25 max,0.30 - 0.90,3.80 - 4.40,0.15 max,0.12 max,
2297,resto,0.25 max,0.05 max,0.10 - 0.50,2.50 - 3.10,0.10 max,0.10 max,
2319,resto,0.02 max,0.10 max,0.20 - 0.40,5.80 - 6.80,0.30 max,0.20 max,
2324,resto,1.20 - 1.80,0.25 max,0.30 - 0.90,3.80 - 4.40,0.12 max,0.10 max,
2419,resto,0.02 max,0.10 max,0.20 - 0.40,5.80 - 6.80,0.18 max,1.15 max,
2424,resto,1.20 - 1.60,0.20 max,0.30 - 0.60,3.80 - 4.40,0.12 max,0.10 max,
2519,resto,0.05 - 0.40,0.10 max,0.10 - 0.50,5.30 - 6.40,0.30 max,0.25 max,
2524,resto,1.20 - 1.60,0.15 max,0.45 - 0.70,4.00 - 4.50,0.12 max,0.06 max,
2618,resto,1.30 - 1.80,,,1.90 - 2.70,0.90 - 1.30,0.10 - 0.25,
3002,resto,0.05 - 0.20,0.03 max,0.05 - 0.25,0.15 max,0.10 max,0.08 max,
3003,resto,,0.10 max,1.00 - 1.50,0.05 - 0.20,0.70 max,0.60 max,
3004,resto,0.80 - 1.30,0.25 max,1.00 - 1.50,0.25 max,0.70 max,0.30 max,
3005,resto,0.20 - 0.60,0.25 max,1.00 - 1.50,0.30 max,0.70 max,0.60 max,
3006,resto,0.30 - 0.60,0.15 - 0.40,0.50 - 0.80,0.10 - 0.30,0.70 max,0.50 max,
3007,resto,0.60 max,0.40 max,0.30 - 0.80,0.05 - 0.30,0.70 max,0.50 max,
3008,resto,0.01 max,0.05 max,1.20 - 1.80,0.10 max,0.70 max,0.40 max,
3009,resto,0.10 max,0.05 max,1.20 - 1.80,0.10 max,0.70 max,1.00 - 1.80,
3010,resto,,0.05 max,0.20 - 0.90,0.03 max,0.20 max,0.10 max,
3011,resto,,0.10 max,0.80 - 1.20,0.05 - 0.20,0.70 max,0.40 max,
3012,resto,0.10 max,0.10 max,0.50 - 1.10,0.10 max,0.70 max,0.60 max,
3013,resto,0.20 - 0.60,0.50 - 1.00,0.90 - 1.40,0.50 max,1.00 max,0.60 max,
3014,resto,0.10 max,0.50 - 1.00,1.00 - 1.50,0.50 max,1.00 max,0.60 max,
3015,resto,0.20 - 0.70,0.25 max,0.50 - 0.90,0.30 max,0.80 max,0.60 max,
3016,resto,0.50 - 0.80,0.25,0.50 - 0.90,0.30 max,0.80 max,0.60 max,
3017,resto,0.10 max,0.10 max,0.80 - 1.20,0.25 - 0.40,0.25 - 0.45,0.25 max,
3018,resto,0.80 - 1.40,0.25 max,1.10 - 1.40,0.10 - 0.30,0.15 - 0.25,0.30 max,
3020,resto,0.05 max,0.05 - 0.50,0.60 - 1.40,0.10 max,0.35 max,0.15 max,
3025,resto,0.20 - 0.80,0.25 max,0.40 - 1.00,0.30 max,0.50 - 0.90,0.60 max,
3030,resto,0.05 max,0.05 - 0.50,0.10 - 0.70,0.10 max,0.35 max,0.15 max,
3102,resto,,0.30 max,0.05 - 0.40,0.10 max,0.70 max,0.40 max,
3103,resto,0.30 max,0.20 max,0.90 - 1.50,0.10 max,0.70 max,0.50 max,
3104,resto,0.80 - 1.30,0.25 max,0.80 - 1.40,0.05 - 0.25,0.80 max,0.60 max,
3105,resto,0.20 - 0.80,0.40 max,0.30 - 0.80,0.30 max,0.70 max,0.60 max,
3107,resto,,0.20 max,0.40 - 0.90,0.05 - 0.15,0.70 max,0.60 max,
3203,resto,,0.10 max,1.00 - 1.50,0.05 max,0.70 max,0.60 max,
3204,resto,0.80 - 1.50,0.25 max,0.80 - 1.50,0.10 - 0.25,0.70 max,0.30 max,
3207,resto,0.10 max,0.10 max,0.40 - 0.80,0.10 max,0.45 max,0.30 max,
3303,resto,,0.30 max,1.00 - 1.50,0.05 - 0.20,0.70 max,0.60 max,
3307,resto,0.30 max,0.40 max,0.50 - 0.90,0.30 max,0.80 max,0.60 max,
4002,resto,0.05 - 0.15,0.15 max,0.03 max,0.05 - 0.15,0.35 max,3.50 - 4.50,
4004,resto,1.00 - 2.00,0.20 max,0.10 max,0.25 max,0.80 max,9.00 - 10.50,
4006,resto,0.01 max,0.05 max,0.05 max,0.10 max,0.50 - 0.80,0.80 - 1.20,
4007,resto,0.20 max,0.10 max,0.80 - 1.50,0.20 max,0.40 - 1.00,1.00 - 1.70,
4008,resto,0.30 - 0.45,0.05 max,0.05 max,0.05 max,0.09 max,6.50 - 7.50,
4009,resto,0.45 - 0.60,0.10 max,0.10 max,1.00 - 1.50,0.10 max,4.50 - 5.50,
4010,resto,0.30 - 0.45,0.10 max,0.10 max,0.20 max,0.20 max,6.50 - 7.50,
4011,resto,0.45 - 0.70,0.10 max,0.10 max,0.20 max,0.20 max,6.50 - 7.50,
4013,resto,0.05 - 0.20,0.05 max,0.03 max,0.05 - 0.20,0.35 max,3.50 - 4.50,
4014,resto,0.30 - 0.80,0.20 max,0.35 max,0.20 max,0.70 max,1.40 - 2.20,
4015,resto,0.10 - 0.50,0.20 max,0.60 - 1.20,0.20 max,0.70 max,1.40 - 2.20,
4017,resto,0.10 - 0.50,0.20 max,0.60 - 1.20,0.10 - 0.50,0.70 max,0.60 - 1.60,
4018,resto,0.50 - 0.80,0.10 max,0.10 max,0.05 max,0.20 max,6.50 - 7.50,
4032,resto,0.80 - 1.30,0.25 max,,0.50 - 1.30,1.00 max,11.00 - 13.50,
4043,resto,0.05 max,0.10 max,0.05 max,0.30 max,0.80 max,4.50 - 6.00,
4044,resto,,0.20 max,0.10 max,0.25 max,0.80 max,7.80 - 9.20,
4045,resto,0.05 max,0.10 max,0.05 max,0.30 max,0.80 max,9.00 - 11.00,
4046,resto,0.20 - 0.50,0.10 max,0.40 max,0.03 max,0.50 max,9.00 - 11.00,
4047,resto,0.10 max,0.20 max,0.15 max,0.30 max,0.80 max,11.00 - 13.00,
4048,resto,0.07 max,9.30 - 10.70,0.07 max,3.30 - 4.70,0.80 max,9.30 - 10.70,
4104,resto,1.00 - 2.00,0.20 max,0.10 max,0.25 max,0.80 max,9.50 - 10.50,
4145,resto,0.15 max,0.20 max,0.15 max,3.30 - 4.70,0.80 max,9.30 - 10.70,
4147,resto,0.10 - 0.50,0.20 max,0.10 max,0.25 max,0.80 max,11.00 - 13.00,
4343,resto,,0.20 max,0.10 max,0.25 max,0.80 max,6.80 - 8.20,
4543,resto,0.10 - 0.40,0.10 max,0.05 max,0.10 max,0.50 max,5.00 - 7.00,
4643,resto,0.10 - 0.30,0.10 max,0.05 max,0.10 max,0.80 max,3.60 - 4.60,
A301 0,resto,0.25 - 0.50,0.05 max,0.50 - 0.80,3.00 - 3.50,0.80 - 1.50,9.50 - 10.50,1.00 - 1.50
A301 1,resto,0.30 - 0.50,0.05 max,0.50 - 0.80,3.00 - 3.50,0.80 - 1.20,9.50 - 10.50,1.00 - 1.50
A302 0,resto,0.70 - 1.20,0.05 max,,2.80 - 3.20,0.25 max,9.50 - 10.50,1.00 - 1.50
A302 1,resto,0.80 - 1.20,0.05 max,,2.80 - 3.20,0.20 max,9.50 - 10.50,1.00 - 1.50
A303 0,resto,0.45 - 0.70,0.05 max,0.50 - 0.80,0.20 max,0.80 - 1.50,9.50 - 10.50,
A303 1,resto,0.50 - 0.70,0.05 max,0.50 - 0.80,0.20 max,0.80 - 1.20,9.50 - 10.50,
A305 0,resto,0.10 max,0.35 max,0.50 max,1.00 - 1.50,0.60 max,4.50 - 5.50,
A305 2,resto,,0.05 max,0.05 max,1.00 - 1.50,0.14 - 0.25,4.50 - 5.50,
A308 0,resto,0.10 max,1.00 max,0.50 max,4.00 - 5.00,1.00 max,5.00 - 6.00,
A308 1,resto,0.10 max,1.00 max,0.50 max,4.00 - 5.00,0.80 max,5.00 - 6.00,
A308 2,resto,0.10 max,0.50 max,0.30 max,4.00 - 5.00,0.80 max,5.00 - 6.00,
A318 0,resto,0.10 - 0.60,1.00 max,0.50 max,3.00 - 4.00,1.00 max,5.50 - 6.50,0.35 max
A318 1,resto,0.15 - 0.60,0.90 max,0.50 max,3.00 - 4.00,0.80 max,5.50 - 6.50,0.35 max
A319 0,resto,0.10 max,1.00 max,0.50 max,3.00 - 4.00,1.00 max,5.50 - 6.50,0.35 max
A319 1,resto,0.10 max,1.00 max,0.50 max,3.00 - 4.00,0.80 max,5.50 - 6.50,0.35 max
A319 2,resto,0.10 max,0.10 max,0.10 max,3.00 - 4.00,0.60 max,5.50 - 6.50,0.10 max
A320 0,resto,0.05 - 0.60,3.00 max,0.80 max,2.00 - 4.00,1.20 max,5.00 - 8.00,0.35 max
A320 1,resto,0.10 - 0.60,3.00 max,0.80 max,2.00 - 4.00,0.90 max,5.00 - 8.00,0.35 max
A324 0,resto,0.40 - 0.70,1.00 max,0.05 max,0.40 - 0.60,1.20 max,7.00 - 8.00,0.30 max
A324 1P,resto,0.45 - 0.70,1.00 max,0.05 max,0.40 - 0.60,0.90 max,7.00 - 8.00,0.30 max
A324 2,resto,0.45 - 0.70,0.10 max,0.10 max,0.40 - 0.60,0.60 max,7.00 - 8.00,0.10 max
A328 0,resto,0.20 - 0.60,1.50 max,0.20 - 0.60,1.00 - 2.00,1.00 max,7.50 - 8.50,0.25 max
A328 1,resto,0.25 - 0.60,1.50 max,0.20 - 0.60,1.00 - 2.00,0.80 max,7.50 - 8.50,0.25 max
A332 0,resto,0.50 - 1.50,1.00 max,0.05 max,2.00 - 4.00,1.20 max,8.50 - 10.50,0.50 max
A332 1,resto,0.60 - 1.50,1.00 max,0.05 max,2.00 - 4.00,0.90 max,8.50 - 10.50,0.05 max
A332 2,resto,0.90 - 1.30,0.10 max,0.10 max,2.00 - 4.00,0.60 max,8.50 - 10.00,0.10 max
A333 0,resto,0.05 - 0.50,1.00 max,0.05 max,3.00 - 4.00,1.00 max,8.00 - 10.00,0.05 max
A333 1,resto,0.10 - 0.50,1.00 max,0.05 max,3.00 - 4.00,0.80 max,8.00 - 10.00,0.05 max
A336 0,resto,0.70 - 1.30,0.35 max,0.35 max,0.50 - 1.50,1.20 max,11.00 - 13.00,2.00 - 3.00
A336 1,resto,0.80 - 1.30,0.35 max,0.35 max,0.50 - 1.50,0.90 max,11.00 - 13.00,2.00 - 3.00
A336 2,resto,0.90 - 1.30,0.10 max,0.10 max,0.50 - 1.50,0.90 max,11.00 - 13.00,
A337 0,resto,0.30 - 0.50,0.03 max,0.50 - 0.80,3.00 - 3.50,0.80 - 1.20,9.50 - 10.50,1.00 - 1.50
A337 1,resto,0.35 - 0.50,0.03 max,0.50 - 0.80,3.00 - 3.50,0.80 - 0.90,9.50 - 10.50,1.00 - 1.50
A338 0,resto,0.80 - 1.20,,,2.80 - 3.20,0.20 max,9.50 - 10.50,1.00 - 1.50
A338 1,resto,0.90 - 1.20,,,2.80 - 3.20,0.17 max,9.50 - 10.50,1.00 - 1.50
A339 0,resto,0.50 - 1.50,1.00 max,0.50 max,1.50 - 3.00,1.20 max,11.00 - 13.00,0.50 - 1.50
A339 1,resto,0.60 - 1.50,1.00 max,0.50 max,1.50 - 3.00,0.90 max,11.00 - 13.00,0.50 - 1.50
A343 0,resto,0.10 max,1.20 - 2.00,0.50 max,0.50 - 0.90,1.20 max,6.70 - 7.70,
A343 1,resto,0.10 max,1.20 - 1.90,0.05 max,0.50 - 0.90,0.50 - 0.90,6.70 - 7.70,
A354 0,resto,0.40 - 0.60,0.10 max,0.10 max,1.60 - 2.00,0.20 max,8.60 - 9.40,
A354 1,resto,0.45 - 0.60,0.10 max,0.10 max,1.60 - 2.00,0.15 max,8.60 - 9.40,
A355 0,resto,0.40 - 0.60,0.35 max,0.50 max,1.00 - 1.50,0.60 max,4.50 - 5.50,
A355 1,resto,0.45 - 0.60,0.35 max,0.50 max,1.00 - 1.50,0.50 max,4.50 - 5.50,
A355 2,resto,0.50 - 0.60,0.05 max,0.05 max,1.00 - 1.50,0.14 - 0.25,4.50 - 5.50,
A356 0,resto,0.20 - 0.45,0.35 max,0.35 max,0.25 max,0.60 max,6.50 - 7.50,
A356 1,resto,0.25 - 0.45,0.35 max,0.35 max,0.25 max,0.50 max,6.50 - 7.50,
A356 2,resto,0.30 - 0.45,0.05 max,0.05 max,0.10 max,0.13 - 0.25,6.50 - 7.50,
A357 0,resto,0.45 - 0.60,0.05 max,0.03 max,0.05 max,0.15 max,6.50 - 7.50,
A357 1,resto,0.45 - 0.60,0.05 max,0.03 max,0.05 max,0.12 max,6.50 - 7.50,
A358 0,resto,0.40 - 0.60,0.20 max,0.20 max,0.20 max,0.30 max,7.60 - 8.60,
A358 2,resto,0.45 - 0.60,0.10 max,0.10 max,0.10 max,0.20 max,7.60 - 8.60,
A359 0,resto,0.50 - 0.70,0.10 max,0.10 max,0.20 max,0.20 max,8.50 - 9.50,
A359 2,resto,0.55 - 0.70,0.10 max,0.10 max,0.10 max,0.12 max,8.50 - 9.50,
A360 0,resto,0.40 - 0.60,0.50 max,0.35 max,0.60 max,2.00 max,9.00 - 10.00,0.50 max
A360 2,resto,0.45 - 0.60,0.10 max,0.10 max,0.10 max,0.70 - 1.10,9.00 - 10.00,0.10 max
A361 0,resto,0.40 - 0.60,0.50 max,0.25 max,0.50 max,1.10 max,9.50 - 10.50,0.20 - 0.30
A361 1,resto,0.45 - 0.60,0.40 max,0.25 max,0.50 max,0.80 max,9.50 - 10.50,0.20 - 0.30
A362 0,resto,0.50 - 0.70,0.03 max,0.50 - 0.80,0.20 max,0.80 - 1.20,9.50 - 10.50,
A362 1,resto,0.60 - 0.70,0.03 max,0.50 - 0.80,0.20 max,0.80 - 0.90,9.50 - 10.50,
A363 0,resto,0.15 - 0.40,3.00 - 4.50,,2.50 - 3.50,1.10 max,4.50 - 6.00,0.25 max
A363 1,resto,0.20 - 0.40,3.00 - 4.50,,2.50 - 3.50,0.80 max,4.50 - 6.00,0.25 max
A364 0,resto,0.20 - 0.40,0.15 max,0.10 max,0.20 max,1.50 max,7.50 - 9.50,0.15 max
A364 2,resto,0.25 - 0.40,0.15 max,0.10 max,0.20 max,0.70 - 1.10,7.50 - 9.50,0.15 max
A365 0,resto,0.10 - 0.50,0.07 max,0.50 - 0.80,0.03 max,0.15 max,9.50 - 11.50,
A365 1,resto,0.15 - 0.50,0.07 max,0.50 - 0.80,0.03 max,0.12 max,9.50 - 11.50,
A369 0,resto,0.25 - 0.45,1.00 max,0.35 max,0.50 max,1.30 max,11.00 - 12.00,0.05 max
A369 1,resto,0.30 - 0.45,0.90 max,0.35 max,0.50 max,1.00 max,11.00 - 12.00,0.05 max
A380 0,resto,0.10 max,3.00 max,0.50 max,3.00 - 4.00,2.00 max,7.50 - 9.50,0.50 max
A380 2,resto,0.10 max,0.10 max,0.10 max,3.00 - 4.00,0.70 - 1.10,7.50 - 9.50,0.10 max
A381 0,resto,0.13 max,3.00 max,0.50 max,3.00 - 4.00,1.30 max,9.00 - 10.00,
A381 2,resto,0.13 max,2.90 max,0.50 max,3.00 - 4.00,0.70 - 1.00,9.00 - 10.00,0.50 max
A383 0,resto,0.10 max,3.00 max,0.50 max,2.00 - 3.00,1.30 max,9.50 - 11.50,0.30 max
A383 1,resto,0.10 max,2.90 max,0.50 max,2.00 - 3.00,1.00 max,9.50 - 11.50,0.30 max
A383 2,resto,0.10 max,0.10 max,0.10 max,2.00 - 3.00,0.60 - 1.00,9.50 - 11.50,0.10 max
A384 0,resto,0.10 max,3.00 max,0.50 max,3.00 - 4.50,1.30 max,10.50 - 12.00,0.50 max
A384 1,resto,0.10 max,2.90 max,0.50 max,3.00 - 4.50,1.00 max,10.50 - 12.00,0.50 max
A384 2,resto,0.10 max,0.10 max,0.10 max,3.00 - 4.50,0.60 - 1.00,10.50 - 12.00,0.10 max
A385 0,resto,0.30 max,3.00 max,0.50 max,2.00 - 4.00,2.00 max,11.00 - 13.00,0.50 max
A385 1,resto,0.30 max,2.90 max,0.50 max,2.00 - 4.00,1.10 max,11.00 - 13.00,0.50 max
A390 0,resto,0.45 - 0.65,0.10 max,0.10 max,4.00 - 5.00,1.30 max,16.00 - 18.00,
A390 2,resto,0.50 - 0.65,0.10 max,0.10 max,4.00 - 5.00,0.60 - 1.00,16.00 - 18.00,
A392 0,resto,0.80 - 1.20,0.50 max,0.20 - 0.60,0.40 - 0.80,1.50 max,18.00 - 20.00,0.50 max
A392 1,resto,0.90 - 1.20,0.40 max,0.20 - 0.60,0.40 - 0.80,1.10 max,18.00 - 20.00,0.50 max
A393 0,resto,0.70 - 1.30,0.10 max,0.10 max,0.70 - 1.10,1.30 max,21.00 - 23.00,2.00 - 2.50
A393 1,resto,0.80 - 1.30,0.10 max,0.10 max,0.70 - 1.10,1.00 max,21.00 - 23.00,2.00 - 2.50
A393 2,resto,0.80 - 1.30,0.10 max,0.10 max,0.70 - 1.10,0.80 max,21.00 - 23.00,2.00 - 2.50
5005,resto,0.50 - 1.10,0.25 max,0.20 max,0.20 max,0.70 max,0.30 max,
5006,resto,0.80 - 1.30,0.25 max,0.40 - 0.80,0.10 max,0.80 max,0.40 max,
5010,resto,0.20 - 0.60,0.30 max,0.10 - 0.30,0.25 max,0.70 max,0.40 max,
5013,resto,3.20 - 3.80,0.10 max,0.30 - 0.50,0.03 max,0.25 max,0.20 max,
5014,resto,4.00 - 5.50,0.70 - 1.50,0.20 - 0.90,0.20 max,0.40 max,0.40 max,
5016,resto,1.40 - 1.90,0.15 max,0.40 - 0.70,0.20 max,0.60 max,0.25 max,
5017,resto,1.90 - 2.20,,0.60 - 0.80,0.18 - 0.28,0.70 max,0.40 max,
5018,resto,2.60 - 3.60,0.20 max,0.20 - 0.60,0.05 max,0.40 max,0.25 max,
5019,resto,4.50 - 5.60,0.20 max,0.10 - 0.60,0.10 max,0.50 max,0.40 max,
5021,resto,2.20 - 2.80,0.15 max,0.10 - 0.50,0.15 max,0.50 max,0.40 max,
5022,resto,3.50 - 4.90,0.25 max,0.20 max,0.20 - 0.50,0.40 max,0.25 max,
5023,resto,5.00 - 6.20,0.25 max,0.20 max,0.20 - 0.50,0.40 max,0.25 max,
5025,resto,4.50 - 6.00,0.25 max,0.20 max,0.10 max,0.25 max,0.25 max,
5034,resto,0.60 - 1.10,0.40 max,0.20 - 0.50,0.40 max,0.40 - 0.90,0.40 max,
5039,resto,3.30 - 4.30,2.40 - 3.20,0.30 - 0.50,0.03 max,0.40 max,0.10 max,
5040,resto,1.00 - 1.50,0.25 max,0.90 - 1.40,0.25 max,0.70 max,0.30 max,
5042,resto,3.00 - 4.00,0.25 max,0.20 - 0.50,0.15 max,0.35 max,0.20 max,
5043,resto,0.70 - 1.30,0.25 max,0.70 - 1.20,0.05 - 0.35,0.70 max,0.40 max,
5049,resto,1.60 - 2.50,0.20 max,0.50 - 1.10,0.10 max,0.50 max,0.40 max,
5050,resto,1.10 - 1.80,0.25 max,0.10 max,0.20 max,0.70 max,0.40 max,
5051,resto,1.70 - 2.20,0.25 max,0.20 max,0.25 max,0.70 max,0.40 max,
5052,resto,2.20 - 2.80,0.10 max,0.10 max,0.10 max,0.40 max,0.25 max,
5056,resto,4.50 - 5.60,0.10 max,0.05 - 0.20,0.10 max,0.40 max,0.30 max,
5058,resto,4.50 - 5.60,0.20 max,0.20 max,0.10 max,0.50 max,0.40 max,
5082,resto,4.00 - 5.00,0.25 max,0.15 max,0.15 max,0.35 max,0.20 max,
5083,resto,4.00 - 4.90,0.25 max,0.40 - 1.00,0.10 max,0.40 max,0.40 max,
5086,resto,3.50 - 4.50,0.25 max,0.20 - 0.70,0.10 max,0.50 max,0.40 max,
5087,resto,4.50 - 5.20,0.25 max,0.70 - 1.10,0.05 max,0.40 max,0.25 max,
5091,resto,3.70 - 4.20,,,,0.30 max,0.20 max,
5110,resto,0.30 - 0.60,0.05 max,0.03 max,,0.08 max,0.08 max,
5119,resto,4.50 - 5.60,0.20 max,0.20 - 0.60,0.05 max,0.40 max,0.25 max,
5149,resto,1.60 - 2.50,0.20 max,0.50 - 1.10,0.05 max,0.40 max,0.25 max,
5150,resto,1.30 - 1.70,0.10 max,0.03 max,0.10 max,0.10 max,0.08 max,
5151,resto,1.50 - 2.10,0.15 max,0.10 max,0.15 max,0.35 max,0.20 max,
5154,resto,3.10 - 3.90,0.20 max,0.10 max,0.10 max,0.40 max,0.25 max,
5180,resto,3.50 - 4.50,1.70 - 2.80,0.20 - 0.70,0.10 max,,,
5182,resto,4.00 - 5.00,0.25 max,0.20 - 0.50,0.15 max,0.35 max,0.20 max,
5183,resto,4.30 - 5.20,0.25 max,0.50 - 1.00,0.10 max,0.40 max,0.40 max,
5186,resto,3.80 - 4.80,0.40 max,0.20 - 0.50,0.25 max,0.45 max,0.40 max,
5205,resto,0.60 - 1.00,0.05 max,0.10 max,0.03 - 0.10,0.70 max,0.15 max,
5210,resto,0.35 - 0.60,0.04 max,0.03 max,,0.04 max,0.06 max,
5249,resto,1.60 - 2.50,0.20 max,0.50 - 1.10,0.05 max,0.40 max,0.25 max,
5250,resto,1.30 - 1.80,0.05 max,0.04 - 0.15,0.1,0.1,0.08,
5251,resto,1.70 - 2.40,0.15 max,0.10 - 0.50,0.15 max,0.50 max,0.40 max,
5556,resto,4.70 - 5.50,0.25 max,0.50 - 1.00,0.10 max,0.40 max,0.25 max,
5557,resto,0.40 - 0.80,,0.10 - 0.40,0.15 max,0.12 max,0.10 max,
5605,resto,0.80 - 1.10,0.01 max,,,0.008 max,0.01 max,
5652,resto,2.20 - 2.80,0.10 max,0.01 max,0.04 max,,,
5654,resto,3.10 - 3.90,0.20 max,0.01 max,0.05 max,,,
5657,resto,0.60 - 1.00,0.05 max,0.03 max,0.10 max,0.10 max,0.08 max,
5754,resto,2.60 - 3.60,0.20 max,0.50 max,0.10 max,0.40 max,0.40 max,
5854,resto,3.10 - 3.90,0.20 max,0.10 - 0.50,0.10 max,,,
5954,resto,3.30 - 4.10,0.20 max,0.10 max,0.10 max,0.40 max,0.25 max,
5252,resto,2.20 - 2.80,0.05 max,0.10 max,0.10 max,0.10 max,0.08 max,
5254,resto,3.10 - 3.90,0.20 max,0.01 max,0.05 max,0.40 max,0.25 max,
5257,resto,0.20 - 0.60,0.03 max,0.03 max,0.10 max,0.10 max,0.08 max,
5280,resto,3.50 - 4.50,1.50 - 2.80,0.20 - 0.70,0.10 max,,,
5283,resto,4.50 - 5.10,0.10 max,0.50 - 1.00,0.03 max,0.30 max,0.30 max,
5305,resto,0.70 - 1.10,0.05 max,0.03 max,,0.08 max,0.08 max,
5310,resto,0.35 - 0.60,0.01 max,,,0.008 max,0.01 max,
5349,resto,1.70 - 2.60,,0.60 - 1.20,0.18 - 0.28,0.70 max,0.40 max,
5351,resto,1.60 - 2.20,0.05 max,0.10 max,0.10 max,0.10 max,0.08 max,
5352,resto,2.20 - 2.80,0.10 max,0.10 max,0.10 max,,,
5354,resto,2.40 - 3.00,0.25 max,0.50 - 1.00,0.05 max,0.40 max,0.25 max,
5356,resto,4.50 - 5.50,0.10 max,0.05 - 0.20,0.10 max,0.40 max,0.25 max,
5357,resto,0.80 - 1.20,0.05 max,0.15 - 0.45,0.20 max,0.17 max,0.12 max,
5383,resto,4.00 - 5.20,0.40 max,0.70 - 1.00,0.20 max,0.25 max,0.25 max,
5449,resto,1.60 - 2.60,0.30 max,0.60 - 1.10,0.30 max,0.70 max,0.40 max,
5451,resto,1.80 - 2.40,0.1,0.1,0.1,0.4,0.25,
5454,resto,2.40 - 3.00,0.25 max,0.50 - 1.00,0.10 max,0.40 max,0.25 max,
5456,resto,4.70 - 5.50,0.25 max,0.50 - 1.00,0.10 max,0.40 max,0.25 max,
5457,resto,0.80 - 1.20,0.05 max,0.15 - 0.45,0.20 max,0.10 max,0.08 max,
5505,resto,0.80 - 1.10,0.04 max,0.03 max,,0.04 max,0.06 max,
5552,resto,2.20 - 2.80,0.05 max,0.10 max,0.10 max,0.05 max,0.04 max,
5554,resto,2.40 - 3.00,0.25 max,0.50 - 1.00,0.10 max,0.40 max,0.25 max,
6002,resto,0.45 - 0.70,,0.10 - 0.20,0.10 - 0.25,0.25 max,0.60 - 0.90,
6003,resto,0.80 - 1.50,0.20 max,0.80 max,0.10 max,0.60 max,0.35 - 1.00,
6004,resto,0.40 - 0.70,0.05 max,0.20 - 0.60,0.10 max,0.10 - 0.30,0.30 - 0.60,
6005,resto,0.40 - 0.60,0.10 max,0.10 max,0.10 max,0.35 max,0.60 - 0.90,
6006,resto,0.45 - 0.90,0.10 max,0.05 - 0.20,0.15 - 0.30,0.35 max,0.20 - 0.60,
6007,resto,0.60 - 0.90,0.25 max,0.05 - 0.25,0.20 max,0.70 max,0.90 - 1.40,
6008,resto,0.40 - 0.70,0.20 max,0.30 max,0.30 max,0.35 max,0.50 - 0.90,
6009,resto,0.40 - 0.80,0.25 max,0.20 - 0.80,0.15 - 0.60,0.50 max,0.60 - 1.00,
6010,resto,0.60 - 1.00,0.25 max,0.20 - 0.80,0.15 - 0.60,0.50 max,0.80 - 1.20,
6011,resto,0.60 - 1.20,1.50 max,0.80 max,0.40 - 0.90,1.00 max,0.60 - 1.20,
6012,resto,0.60 - 1.20,0.30 max,0.40 - 1.00,0.10 max,0.50 max,0.60 - 1.40,
6013,resto,0.80 - 1.20,0.25 max,0.20 - 0.80,0.60 - 1.10,0.50 max,0.60 - 1.00,
6014,resto,0.40 - 0.80,0.10 max,0.05 - 0.20,0.25 max,0.35 max,0.30 - 0.60,
6015,resto,0.80 - 1.10,0.10 max,0.10 max,0.10 - 0.25,0.10 - 0.30,0.20 - 0.40,
6016,resto,0.25 - 0.60,0.20 max,0.20 max,0.20 max,0.50 max,1.00 - 1.50,
6017,resto,0.45 - 0.60,0.05 max,0.10 max,0.05 - 0.20,0.15 - 0.30,0.55 - 0.70,
6018,resto,0.60 - 1.20,0.30 max,0.30 - 0.80,0.15 - 0.40,0.70 max,0.50 - 1.20,
6019,resto,0.80 - 1.20,0.40 - 1.00,0.10 max,0.20 - 0.60,0.50 max,0.60 - 1.00,
6020,resto,0.60 - 1.20,,0.35 max,0.30 - 0.90,0.50 max,0.40 - 0.90,
6022,resto,0.45 - 0.70,0.25 max,0.02 - 0.10,0.01 - 0.11,0.05 - 0.20,0.80 - 1.50,
6030,resto,0.80 - 1.20,0.25 max,0.15 max,0.15 - 0.40,0.70 max,0.40 - 0.80,
6053,resto,1.10 - 1.40,0.10 max,,0.10 max,0.35 max,45.00 - 65.00 of Mg,
6056,resto,0.60 - 1.20,0.10 - 0.70,0.40 - 1.00,0.50 - 1.10,0.50 max,0.70 - 1.30,
6060,resto,0.35 - 0.60,0.15 max,0.10 max,0.10 max,0.10 - 0.30,0.30 - 0.60,
6061,resto,0.80 - 1.20,0.25 max,0.15 max,0.15 - -0.40,0.70 max,0.40 - 0.80,
6063,resto,0.45 - 0.09,0.10 max,0.10 max,0.10 max,0.35 max,0.20 - 0.60,
6066,resto,0.80 - 1.40,0.25 max,0.60 - 1.10,0.70 - 1.20,,0.90 - 1.80,
6069,resto,1.20 - 1.60,0.05 max,0.05 max,0.55 - 1.00,0.40 max,0.60 - 1.20,
6070,resto,0.50 - 1.20,0.25 max,0.40 - 1.00,0.15 - 0.40,0.05 max,1.00 - 1.70,
6081,resto,0.60 - 1.00,0.20 max,0.10 - 0.45,0.10 max,0.50 max,0.70 - 1.10,
6082,resto,0.60 - 1.20,0.20 max,0.40 - 1.00,0.10 max,0.05 max,0.70 - 1.30,
6090,resto,0.80 - 1.20,0.25 max,0.15 max,0.30 - 0.90,0.70 max,0.40 - 0.80,
6091,resto,0.80 - 1.20,0.25 max,0.15 max,0.15 - 0.40,0.70 max,0.40 - 0.80,
6092,resto,0.80 - 1.20,0.25 max,0.15 max,0.70 - 1.00,0.30 max,0.40 - 0.80,
6101,resto,0.35 - 0.80,0.10 max,0.03 max,0.10 max,0.50 max,0.30 - 0.70,
6103,resto,0.80 - 1.50,0.20 max,0.80 max,0.20 - 0.30,0.60 max,0.35 - 1.00,
6105,resto,0.45 - 0.80,0.10 max,0.15 max,0.10 max,0.35 max,0.60 - 1.00,
6106,resto,0.40 - 0.80,0.10 max,0.05 - 0.20,0.25 max,0.35 max,0.30 - 0.60,
6110,resto,0.50 - 1.10,0.30 max,0.20 - 0.70,0.20 - 0.70,0.80 max,0.70 - 1.50,
6111,resto,0.50 - 1.00,0.15,0.10 - 0.45,0.50 - 0.90,0.4,0.60 - 1.10,
6113,resto,0.80 - 1.20,0.25 max,0.10 - 0.60,0.60 - 1.10,0.30 max,0.60 - 1.00,
6116,resto,0.25 - 0.60,0.20 max,0.15 max,0.20 max,0.25 max,0.90 - 1.30,
6151,resto,0.45 - 0.80,0.25 max,0.20 max,0.35 max,1.00 max,0.60 - 1.20,
6160,resto,0.35 - 0.60,0.05 max,0.05 max,0.20 max,0.15 max,0.30 - 0.60,
6162,resto,0.70 - 1.10,0.25 max,0.10 max,0.20 max,0.50 max,0.40 - 0.80,
6181,resto,0.60 - 1.00,0.20 max,0.15 max,0.10 max,0.45 max,0.80 - 1.20,
6201,resto,0.60 - 0.90,0.10 max,0.03 max,0.10 max,0.50 max,0.50 - 0.90,
6205,resto,0.40 - 0.60,0.25 max,0.05 - 0.15,0.20 max,0.70 max,0.60 - 0.90,
6206,resto,0.45 - 0.80,0.20 max,0.13 - 0.30,0.20 - 0.50,0.35 max,0.35 - 0.70,
6253,resto,1.00 - 1.50,1.60 - 2.40,,0.10 max,0.50 max,45.00 - 65.00 of Mg,
6260,resto,0.45 - 0.70,0.05 max,0.03 max,0.10 max,0.15 - 0.40,0.40 - 0.60,
6261,resto,0.70 - 1.00,0.20 max,0.20 - 0.35,0.15 - 0.40,0.40 max,0.40 - 0.70,
6262,resto,0.80 - 1.20,0.25 max,0.15 max,0.15 - 0.40,0.70 max,0.40 - 0.80,
6301,resto,0.60 - 0.90,0.25 max,0.15 max,0.10 max,0.70 max,0.50 - 0.90,
6306,resto,0.45 - 0.90,0.05 max,0.10 - 0.40,0.05 - 0.16,0.10 max,0.20 - 0.60,
6351,resto,0.40 - 0.80,0.20 max,0.40 - 0.80,0.10 max,0.50 max,0.70 - 1.30,
6401,resto,0.35 - 0.70,0.04 max,0.03 max,0.05 - 0.20,0.04 max,0.35 - 0.70,
6463,resto,0.45 - 0.90,0.05 max,0.05 max,0.20 max,0.15 max,0.20 - 0.60,
6763,resto,0.45 - 0.90,0.03 max,0.03 max,0.04 - 0.16,0.08 max,0.20 - 0.60,
6863,resto,0.50 - 0.80,0.10 max,0.05 max,0.05 - 0.20,0.15 max,0.40 - 0.60,
6951,resto,0.40 - 0.80,0.20 max,0.10 max,0.15 - 0.40,0.80 max,0.20 - 0.50,
6963,resto,0.35 - 0.70,0.10 max,0.05 max,0.15 - 0.25,0.25 max,0.40 - 0.60,
7090,resto,2.00 - 3.00,7.30 - 8.70,,0.60 - 1.30,0.15,0.12,
7091,resto,2.00 - 3.00,5.80 - 7.10,,1.10 - 1.80,0.15,0.12,
7093,resto,2.00 - 3.00,8.30 - 9.70,,1.10 - 1.90,0.15 max,0.12 max,
7104,resto,0.50 - 0.90,3.60 - 4.40,,0.03 max,0.40 max,0.25 max,
7108,resto,0.70 - 1.40,4.50 - 5.50,0.05 max,0.05 max,0.10 max,0.10 max,
7109,resto,2.20 - 2.70,5.80 - 6.50,0.10 max,0.80 - 1.30,0.15 max,0.10 max,
7116,resto,0.80 - 1.40,4.20 - 5.20,0.05 max,0.50 - 1.10,0.30 max,0.15 max,
7129,resto,1.30 - 2.00,4.20 - 5.20,0.10 max,0.50 - 0.90,0.30 max,0.15 max,
7146,resto,1.00 - 1.60,6.60 - 7.60,0.20 max,1.20 - 1.90,0.40 max,0.20 max,
7149,resto,2.00 - 2.90,7.20 - 8.20,0.20 max,1.20 - 1.90,0.20 max,0.15 max,
7150,resto,2.00 - 2.70,5.90 - 6.90,0.10 max,1.90 - 2.50,0.15 max,0.12 max,
7175,resto,2.10 - 2.90,5.10 - 6.10,0.10 max,1.20 - 2.00,0.20 max,0.15 max,
7178,resto,2.40 - 3.10,6.30 - 7.30,0.30 max,1.60 - 2.40,0.50 max,0.40 max,
7179,resto,2.90 - 3.70,3.80 - 4.80,0.10 - 0.30,0.40 - 0.80,0.20 max,0.15 max,
7229,resto,1.30 - 2.00,4.20 - 5.20,0.03 max,0.50 - 0.90,0.08 max,0.06,
7249,resto,2.00 - 2.40,7.50 - 8.20,0.10 max,1.30 - 1.90,0.12 max,0.10 max,
7277,resto,1.70 - 2.30,3.70 - 4.30,,0.80 - 1.70,0.70 max,0.50 max,
7278,resto,2.50 - 3.20,6.60 - 7.40,0.02 max,1.60 - 2.20,0.20 max,0.15 max,
7349,resto,1.80 - 2.70,7.50 - 8.70,0.20 max,1.40 - 2.10,0.15 max,0.12 max,
7449,resto,1.80 - 2.70,7.50 - 8.70,0.20 max,1.40 - 2.10,0.15 max,0.12 max,
7472,resto,0.90 - 1.50,1.30 - 1.90,0.05 max,0.05 max,0.60 max,0.25 max,
7475,resto,1.90 - 2.60,5.20 - 6.20,0.06 max,1.20 - 1.90,0.12 max,0.10 max,
8023,resto,0.20 max,0.005 max,0.10 - 0.40,1.30 - 1.60,0.30 - 0.60,,
8030,resto,0.10 max,0.05 max,0.15 - 0.30,0.30 - 0.80,,0.05 max,
8040,resto,,,0.20 max,,0.05 max,0.20 max,
8050,resto,0.15 - 0.30,0.05 max,0.05 max,1.10 - 1.20,0.45 - 0.55,0.10 max,
8076,resto,0.10 max,0.08 - 0.22,0.04 max,0.60 - 0.90,,0.05 max,
8077,resto,0.10 max,0.10 - 0.30,0.05 max,0.10 - 0.40,,0.05 max,
8079,resto,0.05 - 0.30,,0.05 max,0.70 - 1.30,,0.10 max,
8081,resto,0.70 max,,0.70 - 1.30,0.70 max,0.10 max,0.05 max,
8090,resto,0.20 max,0.60 - 1.30,1.00 - 1.60,0.30 max,0.10 max,0.25 max,
8091,resto,0.30 max,0.50 - 1.20,1.60 - 2.20,0.50 max,0.10 max,0.25 max,
8093,resto,0.10 max,0.90 - 1.60,1.00 - 1.60,0.10 max,0.10 max,0.25 max,
8111,resto,0.30 - 1.10,0.05 max,0.10 max,0.40 - 1.00,0.10 max,0.10 max,
8112,resto,1.00 max,0.70 max,0.40 max,1.00 max,0.60 max,1.00 max,
8130,resto,0.15 max,,0.05 - 0.15,0.40 - 1.00,,0.10 max,
8150,resto,0.30 max,,,0.90 - 1.30,0.20 - 0.70,,
8176,resto,0.03 - 0.15,,,0.40 - 1.00,,0.10 max,
8177,resto,0.1,0.04 - 0.12,0.04,0.25 - 0.45,,0.05,
8211,resto,0.40 - 0.80,0.10 max,0.10 max,0.50 - 1.00,0.05 - 0.20,0.10 max,
8276,resto,0.25 max,0.02 max,0.035 max,0.50 - 0.80,0.01 max,0.05 max,
8280,resto,1.00 - 2.00,,0.70 - 1.30,0.70 max,,0.05 max,
